"term","estimate","std.error","statistic","p.value","conf.low","conf.high"
"(Intercept)",0.722907362781952,0.0285937267016302,-11.3477406198465,7.61038505091375e-30,0.683502416241013,0.764572780375986
"opioid_user",0.589338560929882,0.0499582412259512,-10.5839285203099,3.53805411138841e-26,0.534348778299078,0.649962761764335
"INCOME",1.06646583405845,0.0074881041635939,8.59366021552097,8.42418933423348e-18,1.0509268587872,1.08223205423869
"AGE3",1.09720289653193,0.00281469163652459,32.957116440305,3.34535554713718e-238,1.09116963435186,1.10327573210322
